{"BA0D5cPIEw7YePx34Sv2z":{"beast":"Herbivore","dir":45,"pos_x":45.90378789379655,"pos_y":17.160643283681345,"speed":1.0131154231095851}}